file,line,col,category,attr,text
"src/app/[locale]/(auth)/forgot-password/forgot-password-page-client.tsx","1","1","route/page","","use client"
"src/app/[locale]/(auth)/login/login-page-client.tsx","1","1","route/page","","use client"
"src/app/[locale]/(auth)/login/login-page-client.tsx","55","39","route/page","","error"
"src/app/[locale]/(auth)/login/login-page-client.tsx","190","23","route/page","","/api/auth/google?redirect="
"src/app/[locale]/(auth)/login/login-page-client.tsx","194","17","route/page","","Google"
"src/app/[locale]/(auth)/login/login-page-client.tsx","199","23","route/page","","/api/auth/github?redirect="
"src/app/[locale]/(auth)/login/login-page-client.tsx","203","17","route/page","","GitHub"
"src/app/[locale]/(auth)/login/login-page-client.tsx","208","23","route/page","","/api/auth/discord?redirect="
"src/app/[locale]/(auth)/login/login-page-client.tsx","212","17","route/page","","Discord"
"src/app/[locale]/(auth)/login/login-page-client.tsx","221","21","route/page","","/register?redirect="
"src/app/[locale]/(auth)/register/register-page-client.tsx","1","1","route/page","","use client"
"src/app/[locale]/(auth)/register/register-page-client.tsx","193","21","route/page","","/login?redirect="
"src/app/[locale]/(auth)/reset-password/reset-password-page-client.tsx","1","1","route/page","","use client"
"src/app/[locale]/(auth)/reset-password/reset-password-page-client.tsx","59","34","route/page","","email"
"src/app/[locale]/(main)/downloads/page.tsx","228","50","route/page","","free"
"src/app/[locale]/(main)/downloads/page.tsx","237","50","route/page","","free"
"src/app/[locale]/(main)/page.tsx","53","30","route/page","","Windows, macOS, Linux, iOS, Android"
"src/app/[locale]/(main)/pro/checkout/page.tsx","61","24","route/page","","/pro/checkout?"
"src/app/[locale]/(main)/pro/page.tsx","35","31","route/page","","pro"
"src/app/[locale]/(main)/pro/page.tsx","59","3","route/page","","use cache"
"src/app/[locale]/(main)/roadmap/page.tsx","32","3","route/page","","use cache"
"src/app/[locale]/(main)/roadmap/page.tsx","33","13","route/page","","roadmap"
"src/app/[locale]/(main)/roadmap/page.tsx","34","12","route/page","","roadmap"
"src/app/[locale]/(main)/roadmap/page.tsx","102","7","route/page","","[roadmap] GitHub returned no roadmap data — rendering ROADMAP_DEV_FIXTURE (dev only)"
"src/app/[locale]/account/admin/actions.ts","1","1","admin","","use server"
"src/app/[locale]/account/admin/actions.ts","15","11","admin","","10 m"
"src/app/[locale]/account/admin/actions.ts","20","19","admin","","Redirect failed"
"src/app/[locale]/account/admin/actions.ts","44","20","admin","","Non-admin impersonation attempt by"
"src/app/[locale]/account/admin/actions.ts","56","20","admin","","Impersonation lookup miss: admin="
"src/app/[locale]/account/admin/actions.ts","60","18","admin","","Impersonation START: admin="
"src/app/[locale]/account/admin/page.tsx","21","5","admin","","use server"
"src/app/[locale]/account/admin/page.tsx","22","39","admin","","email"
"src/app/[locale]/account/downloads/page.tsx","113","13","route/page","","account"
"src/app/[locale]/account/error.tsx","1","1","route/page","","use client"
"src/app/[locale]/account/error.tsx","21","23","route/page","","Account page error:"
"src/app/[locale]/account/layout.tsx","31","16","route/page","","/api/account/impersonate/exit?locale="
"src/app/[locale]/account/profile/page.tsx","42","52","route/page","","email"
"src/app/[locale]/error.tsx","1","1","route/page","","use client"
"src/app/[locale]/error.tsx","25","23","route/page","","Page error:"
"src/app/[locale]/layout.tsx","31","17","route/page","","%s | WCPOS"
"src/app/[locale]/not-found.tsx","1","1","route/page","","use client"
"src/app/[locale]/not-found.tsx","36","33","route/page","","WCPOS Pro"
"src/app/api/account/download/route.ts","39","25","route/page","","Download token secret not configured (customer"
"src/app/api/account/download/route.ts","50","24","route/page","","Download denied: invalid/mismatched token. customer="
"src/app/api/account/download/route.ts","60","11","route/page","","account"
"src/app/api/account/download/route.ts","65","26","route/page","","Download denied: release not found. version="
"src/app/api/account/download/route.ts","65","88","route/page","","customer="
"src/app/api/account/download/route.ts","68","24","route/page","","Download denied: not entitled. version="
"src/app/api/account/download/route.ts","68","81","route/page","","customer="
"src/app/api/account/download/route.ts","77","25","route/page","","Failed to fetch release asset after retries. version="
"src/app/api/account/download/route.ts","77","96","route/page","","customer="
"src/app/api/account/download/route.ts","82","22","route/page","","Download served. customer="
"src/app/api/account/download/route.ts","88","30","route/page","","attachment; filename="""
"src/app/api/account/download/route.ts","89","24","route/page","","private, no-store"
"src/app/api/account/downloads/route.ts","15","11","route/page","","account"
"src/app/api/account/downloads/token/route.ts","31","11","route/page","","10 m"
"src/app/api/account/downloads/token/route.ts","47","27","route/page","","Download token secret not configured (customer"
"src/app/api/account/downloads/token/route.ts","53","26","route/page","","Download token rate limited. customer="
"src/app/api/account/downloads/token/route.ts","63","13","route/page","","account"
"src/app/api/account/downloads/token/route.ts","69","28","route/page","","Download token requested for missing release version="
"src/app/api/account/downloads/token/route.ts","69","91","route/page","","customer="
"src/app/api/account/downloads/token/route.ts","72","26","route/page","","Download token forbidden. version="
"src/app/api/account/downloads/token/route.ts","72","70","route/page","","customer="
"src/app/api/account/downloads/token/route.ts","86","24","route/page","","Download token issued. customer="
"src/app/api/account/downloads/token/route.ts","89","20","route/page","","/api/account/download?token="
"src/app/api/account/downloads/token/route.ts","93","25","route/page","","Download token endpoint failed:"
"src/app/api/account/impersonate/exit/route.ts","28","18","route/page","","Impersonation STOP: admin_id="
"src/app/api/account/licenses/[licenseId]/discord/members/[memberId]/route.ts","71","24","route/page","","Discord member removal unavailable:"
"src/app/api/account/licenses/[licenseId]/discord/members/[memberId]/route.ts","100","23","route/page","","Discord role sync after member removal failed:"
"src/app/api/account/licenses/[licenseId]/machines/[machineId]/route.ts","87","26","route/page","","Machine deactivation unavailable:"
"src/app/api/account/licenses/[licenseId]/machines/[machineId]/route.ts","90","24","route/page","","Failed to deactivate machine:"
"src/app/api/account/licenses/route.ts","46","24","route/page","","Failed to fetch licenses:"
"src/app/api/account/orders/[orderId]/receipt/route.ts","117","32","route/page","","attachment; filename="""
"src/app/api/account/orders/[orderId]/receipt/route.ts","118","26","route/page","","private, no-store"
"src/app/api/account/orders/[orderId]/receipt/route.ts","122","20","route/page","","Receipt generation failed. orderId="
"src/app/api/account/orders/[orderId]/receipt/route.ts","122","65","route/page","","error="
"src/app/api/account/profile/route.ts","84","20","route/page","","Profile update failed (PATCH /api/account/profile):"
"src/app/api/auth/[provider]/callback/route.ts","63","21","route/page","","Failed to sync OAuth profile:"
"src/app/api/auth/[provider]/callback/route.ts","76","18","route/page","","Unsupported provider:"
"src/app/api/auth/[provider]/callback/route.ts","109","62","route/page","","Unknown error"
"src/app/api/auth/[provider]/callback/route.ts","110","21","route/page","","OAuth callback failed:"
"src/app/api/auth/[provider]/callback/route.ts","113","7","route/page","","error"
"src/app/api/auth/[provider]/route.ts","20","18","route/page","","Unsupported provider:"
"src/app/api/auth/[provider]/route.ts","44","21","route/page","","Failed to initiate OAuth:"
"src/app/api/auth/[provider]/route.ts","46","15","route/page","","/login?error=oauth_failed"
"src/app/api/auth/forgot-password/route.ts","22","11","route/page","","15 m"
"src/app/api/auth/forgot-password/route.ts","52","21","route/page","","Password reset request failed unexpectedly:"
"src/app/api/auth/login/route.ts","24","11","route/page","","5 m"
"src/app/api/auth/login/route.ts","57","48","route/page","","Login failed"
"src/app/api/auth/login/route.ts","62","22","route/page","","Login rejected:"
"src/app/api/auth/login/route.ts","64","23","route/page","","Login failed unexpectedly:"
"src/app/api/auth/register/route.ts","31","11","route/page","","15 m"
"src/app/api/auth/register/route.ts","85","17","route/page","","email"
"src/app/api/auth/register/route.ts","91","24","route/page","","Signup tracking failed:"
"src/app/api/auth/register/route.ts","94","22","route/page","","Signup tracking failed:"
"src/app/api/auth/register/route.ts","103","22","route/page","","Registration rejected:"
"src/app/api/auth/register/route.ts","111","21","route/page","","Registration failed unexpectedly:"
"src/app/api/auth/reset-password/route.ts","28","11","route/page","","15 m"
"src/app/api/auth/reset-password/route.ts","66","22","route/page","","Password reset rejected:"
"src/app/api/auth/reset-password/route.ts","69","21","route/page","","Password reset failed unexpectedly:"
"src/app/api/auth/reset-password/route.ts","81","21","route/page","","Post-reset sign-in failed:"
"src/app/api/checkout/report-failure/route.ts","28","11","route/page","","1 m"
"src/app/api/checkout/report-failure/route.ts","64","23","route/page","","Checkout failure (money at risk):"
"src/app/api/checkout/report-failure/route.ts","65","34","route/page","","error"
"src/app/api/checkout/report-failure/route.ts","67","30","route/page","","Checkout payment failure:"
"src/app/api/csp-report/route.ts","36","11","route/page","","1 m"
"src/app/api/csp-report/route.ts","141","23","route/page","","CSP violation: directive="
"src/app/api/debug/alert-test/route.ts","22","19","route/page","","SYNTHETIC alert-chain test"
"src/app/api/desktop-releases/route.ts","21","18","route/page","","No release found"
"src/app/api/desktop-releases/route.ts","40","20","route/page","","Failed to fetch desktop release:"
"src/app/api/desktop-releases/route.ts","42","16","route/page","","Failed to fetch release information"
"src/app/api/discord/callback/route.ts","13","24","route/page","","discord"
"src/app/api/discord/callback/route.ts","17","88","route/page","","status"
"src/app/api/discord/callback/route.ts","29","14","route/page","","error"
"src/app/api/discord/callback/route.ts","40","48","route/page","","error"
"src/app/api/discord/callback/route.ts","74","25","route/page","","Discord role sync after member claim failed:"
"src/app/api/discord/callback/route.ts","80","22","route/page","","Discord member claim callback failed:"
"src/app/api/discord/callback/route.ts","81","48","route/page","","error"
"src/app/api/discord/claim/route.ts","28","19","route/page","","Discord claim received a malformed JSON body:"
"src/app/api/discord/reconcile/route.ts","21","21","route/page","","Discord role reconciliation complete:"
"src/app/api/discord/reconcile/route.ts","24","22","route/page","","Discord role reconciliation failed:"
"src/app/api/discord/reconcile/route.ts","25","39","route/page","","Reconciliation failed"
"src/app/api/electron/[platform]/[version]/route.ts","32","3","route/page","","use cache"
"src/app/api/electron/[platform]/[version]/route.ts","44","9","route/page","","error"
"src/app/api/electron/[platform]/[version]/route.ts","49","34","route/page","","status"
"src/app/api/electron/[platform]/[version]/route.ts","56","20","route/page","","Electron update check failed:"
"src/app/api/electron/[platform]/[version]/route.ts","58","29","route/page","","Internal server error"
"src/app/api/electron/download/[platform]/route.ts","30","3","route/page","","use cache"
"src/app/api/electron/download/[platform]/route.ts","44","39","route/page","","error"
"src/app/api/electron/download/[platform]/route.ts","51","20","route/page","","Electron download redirect failed:"
"src/app/api/electron/download/[platform]/route.ts","53","29","route/page","","Internal server error"
"src/app/api/legacy/wc-am/route.ts","32","35","route/page","","GET, OPTIONS"
"src/app/api/legacy/wc-am/route.ts","33","35","route/page","","Content-Type, Accept"
"src/app/api/legacy/wc-am/route.ts","57","44","route/page","","License request failed"
"src/app/api/legacy/wc-am/route.ts","116","43","route/page","","status"
"src/app/api/legacy/wc-am/route.ts","119","43","route/page","","Missing required parameters: api_key and instance"
"src/app/api/legacy/wc-am/route.ts","129","32","route/page","","not found"
"src/app/api/legacy/wc-am/route.ts","129","70","route/page","","not activated"
"src/app/api/legacy/wc-am/route.ts","144","18","route/page","","?key="
"src/app/api/legacy/wc-am/route.ts","160","14","route/page","","The license server is temporarily unavailable. Please try again shortly."
"src/app/api/logs/route.ts","25","18","route/page","","Invalid log format"
"src/app/api/logs/route.ts","39","20","route/page","","Invalid log entry format"
"src/app/api/logs/route.ts","81","24","route/page","","Failed to forward browser logs to Loki: status="
"src/app/api/logs/route.ts","86","22","route/page","","Browser log forwarding failed:"
"src/app/api/pro/download/[version]/route.ts","23","16","route/page","","Missing required parameters: key and instance"
"src/app/api/pro/download/[version]/route.ts","31","39","route/page","","License validation failed"
"src/app/api/pro/download/[version]/route.ts","43","16","route/page","","Requested version is not available for this license"
"src/app/api/pro/download/[version]/route.ts","50","20","route/page","","Failed to fetch pro release asset. version="
"src/app/api/pro/download/[version]/route.ts","52","16","route/page","","Failed to fetch release asset"
"src/app/api/pro/download/[version]/route.ts","61","30","route/page","","attachment; filename="""
"src/app/api/pro/download/[version]/route.ts","62","24","route/page","","private, no-store"
"src/app/api/pro/update/[version]/route.ts","27","16","route/page","","Missing required parameters: key and instance"
"src/app/api/pro/update/[version]/route.ts","35","39","route/page","","License validation failed"
"src/app/api/pro/update/[version]/route.ts","46","16","route/page","","No update is available for this license"
"src/app/api/pro/update/[version]/route.ts","62","69","route/page","","?key="
"src/app/api/roadmap/revalidate/route.ts","14","19","route/page","","roadmap"
"src/app/api/roadmap/revalidate/route.ts","14","30","route/page","","roadmap"
"src/app/api/roadmap/revalidate/route.ts","15","19","route/page","","Roadmap cache revalidated via webhook"
"src/app/api/roadmap/revalidate/route.ts","18","20","route/page","","Failed to revalidate roadmap cache:"
"src/app/api/roadmap/revalidate/route.ts","19","39","route/page","","Revalidation failed"
"src/app/api/store/cart/complete/route.ts","77","24","route/page","","Cart completion produced no order: cartId="
"src/app/api/store/cart/complete/route.ts","108","25","route/page","","Checkout conversion tracking failed:"
"src/app/api/store/cart/complete/route.ts","111","23","route/page","","Checkout conversion tracking failed:"
"src/app/api/store/cart/complete/route.ts","116","22","route/page","","Error completing cart:"
"src/app/api/store/cart/line-items/route.ts","77","22","route/page","","Error adding line item:"
"src/app/api/store/cart/payment-sessions/route.ts","140","22","route/page","","Error with payment sessions:"
"src/app/api/store/cart/paypal/capture/route.ts","79","22","route/page","","Error capturing PayPal order:"
"src/app/api/store/cart/route.ts","45","22","route/page","","Failed to sync billing address to customer profile:"
"src/app/api/store/cart/route.ts","89","22","route/page","","Error creating cart:"
"src/app/api/store/cart/route.ts","118","22","route/page","","Error getting cart:"
"src/app/api/store/cart/route.ts","198","22","route/page","","Error updating cart:"
"src/app/api/support/ask/route.ts","78","22","route/page","","Support ask got an empty answer from the gateway. ip="
"src/app/api/support/ask/route.ts","91","21","route/page","","Support ask rate-limited by the gateway. ip="
"src/app/api/support/ask/route.ts","95","20","route/page","","Support ask failed. code="
"src/app/api/support/ask/route.ts","95","61","route/page","","error="
"src/app/api/test/license/route.ts","21","16","route/page","","Not available in production"
"src/app/api/test/license/route.ts","35","22","route/page","","licenseKey required"
"src/app/api/test/license/route.ts","47","22","route/page","","licenseId and fingerprint required"
"src/app/api/test/license/route.ts","60","17","route/page","","Activation failed (limit reached or invalid license)"
"src/app/api/test/license/route.ts","72","22","route/page","","machineId required"
"src/app/api/test/license/route.ts","80","12","route/page","","status"
"src/app/api/test/license/route.ts","84","22","route/page","","licenseId required"
"src/app/api/test/license/route.ts","96","20","route/page","","Unknown action:"
"src/app/api/test/license/route.ts","96","45","route/page","",". Valid actions: validate, activate, deactivate, status"
"src/app/api/test/license/route.ts","102","24","route/page","","Test harness error:"
"src/app/api/test/license/route.ts","104","57","route/page","","Internal error"
"src/app/global-error.tsx","1","1","route/page","","use client"
"src/app/global-error.tsx","34","19","route/page","","Global error:"
"src/app/global-error.tsx","36","25","route/page","","Global error:"
"src/app/global-error.tsx","61","13","route/page","","system-ui, -apple-system, 'Segoe UI', Roboto, sans-serif"
"src/app/global-error.tsx","110","25","route/page","","1px solid #d4d4d4"
"src/app/not-found.tsx","1","1","route/page","","use client"
"src/app/not-found.tsx","45","13","route/page","","system-ui, -apple-system, 'Segoe UI', Roboto, sans-serif"
"src/app/not-found.tsx","105","25","route/page","","1px solid #d4d4d4"
"src/app/not-found.tsx","113","15","route/page","","WCPOS Pro"
"src/app/not-found.tsx","120","25","route/page","","1px solid #d4d4d4"
"src/app/robots.ts","15","9","route/page","","/*/account"
"src/app/robots.ts","18","9","route/page","","/*/pro/checkout"
"src/components/about/founder-letter.tsx","15","3","component","","use cache"
"src/components/about/founder-letter.tsx","52","15","component","","repeating-linear-gradient(90deg,#CD2C24 0 22px,#F5E5C0 22px 44px)"
"src/components/about/story-timeline.tsx","1","1","component","","use client"
"src/components/about/story-timeline.tsx","79","23","component","","linear-gradient(to bottom,"
"src/components/about/story-timeline.tsx","147","39","component","","-12% 0px -12% 0px"
"src/components/about/story-timeline.tsx","180","14","component","","start 0.78"
"src/components/about/story-timeline.tsx","180","28","component","","end 0.6"
"src/components/about/story-timeline.tsx","186","12","component","","0 0 10px 2px color-mix(in srgb,"
"src/components/about/story-timeline.tsx","186","48","component","","60%, transparent)"
"src/components/account/account-notice.tsx","8","5","component","","border-amber-300/70 bg-amber-50 text-amber-900 dark:border-amber-400/20 dark:bg-amber-400/10 dark:text-amber-200"
"src/components/account/account-notice.tsx","42","9","component","","flex flex-wrap items-center justify-between gap-3 rounded-md border p-3 text-sm sm:p-4"
"src/components/account/account-sidebar.tsx","1","1","component","","use client"
"src/components/account/account-sidebar.tsx","10","10","component","","licenses"
"src/components/account/account-sidebar.tsx","11","10","component","","downloads"
"src/components/account/account-sidebar.tsx","12","10","component","","orders"
"src/components/account/account-sidebar.tsx","13","10","component","","profile"
"src/components/account/account-sidebar.tsx","69","19","component","","flex items-center whitespace-nowrap rounded-md px-3 py-3 text-sm font-medium transition-colors md:py-2"
"src/components/account/account-sidebar.tsx","71","23","component","","bg-wcpos-red/10 text-wcpos-red-accent dark:bg-wcpos-red/15"
"src/components/account/downloads-client.tsx","1","1","component","","use client"
"src/components/account/licenses-client.tsx","1","1","component","","use client"
"src/components/account/licenses-client.tsx","287","15","component","","/pro/checkout?product="
"src/components/account/licenses-client.tsx","297","32","component","","active"
"src/components/account/licenses-client.tsx","297","62","component","","expired"
"src/components/account/licenses-client.tsx","301","39","component","","/account/downloads?license="
"src/components/account/licenses-client.tsx","420","52","component","","active"
"src/components/account/licenses-client.tsx","425","52","component","","expired"
"src/components/account/licenses-client.tsx","455","37","component","","active"
"src/components/account/licenses-client.tsx","456","37","component","","expired"
"src/components/account/licenses-client.tsx","465","52","component","","active"
"src/components/account/licenses-client.tsx","472","40","component","","active"
"src/components/account/licenses-client.tsx","480","40","component","","expired"
"src/components/account/licenses-client.tsx","520","48","component","","expired"
"src/components/account/licenses-client.tsx","623","36","component","","active"
"src/components/account/profile-edit-form.tsx","1","1","component","","use client"
"src/components/account/profile-edit-form.tsx","39","25","component","","google"
"src/components/account/profile-edit-form.tsx","39","36","component","","github"
"src/components/account/profile-edit-form.tsx","39","47","component","","email"
"src/components/account/profile-edit-form.tsx","52","23","component","","zip"
"src/components/account/profile-edit-form.tsx","52","46","component","","postcode"
"src/components/account/profile-edit-form.tsx","94","44","component","","zip"
"src/components/account/profile-edit-form.tsx","96","45","component","","postcode"
"src/components/account/profile-edit-form.tsx","97","53","component","","postcode"
"src/components/account/profile-edit-form.tsx","103","45","component","","postcode"
"src/components/account/profile-edit-form.tsx","448","50","component","","google"
"src/components/account/profile-edit-form.tsx","450","53","component","","github"
"src/components/account/profile-edit-form.tsx","458","52","component","","google"
"src/components/account/profile-edit-form.tsx","460","55","component","","github"
"src/components/account/profile-edit-form.tsx","465","52","component","","google"
"src/components/account/profile-edit-form.tsx","467","55","component","","github"
"src/components/analytics/tracked-external-link.tsx","1","1","component","","use client"
"src/components/analytics/tracked-locale-link.tsx","1","1","component","","use client"
"src/components/client-logging-init.tsx","1","1","component","","use client"
"src/components/consent/consent-banner.tsx","1","1","component","","use client"
"src/components/downloads/download-hero.tsx","1","1","component","","use client"
"src/components/downloads/download-hero.tsx","83","19","component","","flex w-24 flex-col items-center gap-2 rounded-lg border py-4 text-sm font-medium transition-colors"
"src/components/downloads/download-hero.tsx","144","29","component","","free"
"src/components/downloads/get-started-steps.tsx","1","1","component","","use client"
"src/components/downloads/get-started-steps.tsx","42","14","component","","start 0.78"
"src/components/downloads/get-started-steps.tsx","42","28","component","","end 0.6"
"src/components/downloads/get-started-steps.tsx","133","21","component","","0 0 10px 2px color-mix(in srgb, hsl(var(--wcpos-red)) 60%, transparent)"
"src/components/downloads/get-started-steps.tsx","154","29","component","","GetStartedStep must be used within GetStartedSteps"
"src/components/downloads/get-started-steps.tsx","163","11","component","","absolute -left-12 top-0 flex h-8 w-8 items-center justify-center rounded-full border-[1.5px] bg-background text-sm font-semibold"
"src/components/downloads/platforms.ts","31","55","component","","macOS (Intel)"
"src/components/downloads/platforms.ts","34","50","component","","iOS & iPad"
"src/components/downloads/sync-diagram.tsx","1","1","component","","use client"
"src/components/downloads/sync-diagram.tsx","38","24","component","","iOS & iPad"
"src/components/downloads/sync-diagram.tsx","65","20","component","","flex items-center justify-center rounded-full shadow-lg transition-all duration-200"
"src/components/downloads/sync-diagram.tsx","99","15","component","","radial-gradient(circle at 32% 26%, rgba(255,255,255,0.3), rgba(255,255,255,0) 48%), radial-gradient(circle at 70% 82%, rgba(0,0,0,0.2), rgba(0,0,0,0) 58%)"
"src/components/downloads/sync-diagram.tsx","100","24","component","","0 20px 36px -16px rgba(160,40,30,0.55)"
"src/components/downloads/sync-diagram.tsx","104","13","component","","Your store"
"src/components/downloads/sync-diagram.tsx","107","54","component","","+ WCPOS plugin"
"src/components/downloads/sync-diagram.tsx","217","18","component","aria-label","A WooCommerce store with the WCPOS plugin sits at the centre, connected over a REST API to the desktop, iOS, Android and web apps, which all stay in sync."
"src/components/downloads/sync-diagram.tsx","228","15","component","","@keyframes wcpos-sync-flow { to { stroke-dashoffset: -16; } } .wcpos-flow-line { stroke-dasharray: 1 7; animation: wcpos-sync-flow 1.4s linear infinite; } @media (prefers-reduced-motion: reduce) { .wcpos-flow-line { animation: none; opacity: 0.25; } }"
"src/components/home/benefits-section.tsx","54","3","component","","flex w-full aspect-video items-center justify-center rounded-md border border-slate-200 bg-white p-6 dark:border-slate-700 dark:bg-slate-900"
"src/components/home/benefits-section.tsx","71","26","component","","text-[10px] font-medium"
"src/components/home/benefits-section.tsx","90","26","component","","rounded bg-white p-1.5 text-center dark:bg-slate-900"
"src/components/home/benefits-section.tsx","96","28","component","","text-[9px] font-medium"
"src/components/home/features-section.tsx","74","56","component","","Pro"
"src/components/home/pricing-teaser-section.tsx","38","3","component","","use cache"
"src/components/home/problem-section.tsx","8","12","component","","Double Entry"
"src/components/home/problem-section.tsx","10","7","component","","Re-entering products in a separate POS wastes hours and creates errors."
"src/components/home/problem-section.tsx","14","12","component","","Offline Panic"
"src/components/home/problem-section.tsx","16","7","component","","Internet drops and your sales stop. Customers wait. You lose money."
"src/components/home/problem-section.tsx","20","12","component","","Platform Lock-In"
"src/components/home/problem-section.tsx","22","7","component","","Proprietary systems trap your data. Moving or customizing becomes impossible."
"src/components/home/problem-section.tsx","31","15","component","title","Running a WooCommerce store and a physical shop shouldn't mean double the work"
"src/components/home/scroll-story/act-gravity.ts","1","1","component","","use client"
"src/components/home/scroll-story/act-gravity.ts","47","25","component","","(prefers-reduced-motion: reduce)"
"src/components/home/scroll-story/acts/cloud-sync.tsx","8","3","component","","M 23.9 99.0 C 11.4 96.5, 15.0 92.2, 12.8 87.7 C 10.5 83.2, 9.5 76.9, 10.3 72.0 C 11.1 67.0, 13.9 61.4, 17.5 57.8 C 21.0 54.2, 26.5 51.3, 31.5 50.4 C 36.5 49.5, 44.5 54.5, 47.2 52.6 C 50.0 50.6, 47.0 43.1, 48.0 38.6 C 49.1 34.1, 50.9 29.5, 53.3 25.6 C 55.7 21.7, 58.9 17.9, 62.4 15.0 C 66.0 12.0, 70.2 9.5, 74.5 7.9 C 78.8 6.2, 83.6 5.2, 88.2 5.0 C 92.8 4.8, 97.7 5.4, 102.1 6.7 C 106.6 8.0, 111.0 10.2, 114.7 12.8 C 118.5 15.5, 121.7 21.5, 124.7 22.7 C 127.7 23.8, 130.0 20.5, 132.8 19.9 C 135.5 19.3, 138.4 19.0, 141.2 19.0 C 144.0 19.0, 146.9 19.4, 149.6 20.0 C 152.4 20.6, 155.1 21.6, 157.6 22.8 C 160.1 24.1, 162.6 25.6, 164.8 27.4 C 167.0 29.1, 169.0 31.2, 170.8 33.4 C 172.5 35.6, 173.1 39.4, 175.3 40.6 C 177.4 41.7, 181.0 39.9, 183.9 40.1 C 186.7 40.4, 189.6 41.2, 192.2 42.3 C 194.8 43.4, 197.4 44.9, 199.6 46.7 C 201.8 48.6, 203.8 50.8, 205.3 53.2 C 206.9 55.6, 206.3 58.9, 208.9 61.0 C 211.5 63.1, 217.9 63.1, 221.0 65.8 C 224.1 68.4, 226.8 72.9, 227.6 77.0 C 228.4 81.0, 227.7 86.2, 225.9 89.8 C 224.1 93.5, 228.9 96.9, 216.7 99.0 C 204.6 101.1, 174.6 101.9, 153.1 102.5 C 131.5 103.1, 109.0 103.1, 87.5 102.5 C 66.0 101.9, 36.3 101.5, 23.9 99.0 Z"
"src/components/home/scroll-story/acts/cloud-sync.tsx","33","21","component","","relative h-[300px] w-[560px]"
"src/components/home/scroll-story/acts/cloud-sync.tsx","38","13","component","","absolute inset-0 overflow-visible"
"src/components/home/scroll-story/acts/cloud-sync.tsx","39","22","component","","drop-shadow-[0_12px_20px_rgba(51,65,85,0.14)]"
"src/components/home/scroll-story/acts/cloud-sync.tsx","134","13","component","","absolute left-1/2 top-1/2 z-[2] flex h-[62px] w-[62px] -translate-x-1/2 -translate-y-1/2 items-center justify-center rounded-full"
"src/components/home/scroll-story/acts/cloud-sync.tsx","195","11","component","","absolute -left-14 top-[60px] whitespace-nowrap rounded-lg border px-3 py-1.5 font-mono text-[11px]"
"src/components/home/scroll-story/acts/cloud-sync.tsx","200","9","component","","1,204 products"
"src/components/home/scroll-story/acts/cloud-sync.tsx","200","59","component","","● synced"
"src/components/home/scroll-story/acts/cloud-sync.tsx","204","11","component","","absolute -right-16 top-[46px] whitespace-nowrap rounded-lg border px-3 py-1.5 font-mono text-[11px]"
"src/components/home/scroll-story/acts/cloud-sync.tsx","210","9","component","","orders → Woo"
"src/components/home/scroll-story/acts/cloud-sync.tsx","214","11","component","","absolute -right-10 top-[150px] whitespace-nowrap rounded-lg border px-3 py-1.5 font-mono text-[11px]"
"src/components/home/scroll-story/acts/cloud-sync.tsx","220","9","component","","works offline"
"src/components/home/scroll-story/acts/dot-orbit.tsx","1","1","component","","use client"
"src/components/home/scroll-story/acts/dot-orbit.tsx","48","10","component","","rgba(100, 116, 139, 0.55)"
"src/components/home/scroll-story/acts/dot-orbit.tsx","49","8","component","","rgba(205, 32, 31, 0.5)"
"src/components/home/scroll-story/acts/dot-orbit.tsx","50","11","component","","rgba(127, 84, 179, 0.55)"
"src/components/home/scroll-story/acts/dot-orbit.tsx","71","7","component","","(prefers-reduced-motion: reduce)"
"src/components/home/scroll-story/acts/flip-device.tsx","1","1","component","","use client"
"src/components/home/scroll-story/acts/flip-device.tsx","42","27","component","","(prefers-reduced-motion: reduce)"
"src/components/home/scroll-story/acts/flip-device.tsx","101","39","component","","deg) scale("
"src/components/home/scroll-story/acts/flip-device.tsx","107","23","component","","cubic-bezier(0.55, 0, 0.85, 0.4)"
"src/components/home/scroll-story/acts/flip-device.tsx","108","23","component","","cubic-bezier(0.15, 0.6, 0.45, 1)"
"src/components/home/scroll-story/acts/flip-device.tsx","117","19","component","","absolute inset-0 flex items-end justify-center"
"src/components/home/scroll-story/acts/story-copy-blocks.tsx","32","21","component","","[text-shadow:1px_1px_0_rgba(255,252,245,0.45)]"
"src/components/home/scroll-story/devices/laptop.tsx","8","26","component","","h-[250px] rounded-t-xl p-2.5 pb-1"
"src/components/home/scroll-story/devices/laptop.tsx","11","26","component","","-mx-6 h-3.5 rounded-b-2xl"
"src/components/home/scroll-story/devices/phone.tsx","10","9","component","","h-[258px] w-[128px] rounded-[22px] p-2"
"src/components/home/scroll-story/devices/pos-screen.tsx","80","16","component","","M0 6 Q0 0 6 0 H"
"src/components/home/scroll-story/devices/pos-screen.tsx","80","52","component","","6 V"
"src/components/home/scroll-story/devices/pos-screen.tsx","80","62","component","","H0 Z"
"src/components/home/scroll-story/devices/pos-screen.tsx","98","75","component","","H6 Q0"
"src/components/home/scroll-story/devices/pos-screen.tsx","271","16","component","","M0 10 Q0 0 10 0 H"
"src/components/home/scroll-story/devices/pos-screen.tsx","271","55","component","","10 V20 H0 Z"
"src/components/home/scroll-story/devices/pos-screen.tsx","322","73","component","","H10 Q0"
"src/components/home/scroll-story/devices/pos-screen.tsx","345","35","component","","phone"
"src/components/home/scroll-story/devices/pos-screen.tsx","353","21","component","","phone"
"src/components/home/scroll-story/devices/pos-screen.tsx","357","20","component","","phone"
"src/components/home/scroll-story/devices/printer.tsx","32","21","component","","flex items-end justify-center"
"src/components/home/scroll-story/devices/scanner.tsx","31","21","component","","flex items-end justify-center"
"src/components/home/scroll-story/devices/tablet.tsx","15","9","component","","h-[318px] w-[460px] rounded-[18px] p-3"
"src/components/home/scroll-story/devices/terminal.tsx","54","21","component","","flex items-end justify-center"
"src/components/home/scroll-story/devices/terminal.tsx","68","53","component","","text-[13px] leading-tight"
"src/components/home/scroll-story/devices/terminal.tsx","75","13","component","","uppercase tracking-widest text-cyan-200"
"src/components/home/scroll-story/devices/terminal.tsx","79","11","component","","Tap to pay"
"src/components/home/scroll-story/scroll-story.tsx","1","1","component","","use client"
"src/components/home/scroll-story/scroll-story.tsx","296","14","component","","start start"
"src/components/home/scroll-story/scroll-story.tsx","296","29","component","","end end"
"src/components/home/scroll-story/scroll-story.tsx","386","25","component","","absolute inset-0"
"src/components/home/scroll-story/scroll-story.tsx","395","21","component","media","(min-width: 768px)"
"src/components/home/scroll-story/scroll-story.tsx","400","21","component","media","(min-width: 768px)"
"src/components/home/scroll-story/scroll-story.tsx","425","13","component","","absolute inset-0 overflow-hidden"
"src/components/home/scroll-story/scroll-story.tsx","435","15","component","","absolute -inset-x-[10%] -inset-y-[20%]"
"src/components/home/scroll-story/scroll-story.tsx","439","32","component","","absolute left-[8%] top-[-18%] h-[70%] w-[55%] rounded-full"
"src/components/home/scroll-story/scroll-story.tsx","440","32","component","","absolute right-[-6%] top-[6%] h-[75%] w-[60%] rounded-full"
"src/components/home/scroll-story/scroll-story.tsx","441","32","component","","absolute bottom-[-22%] left-[34%] h-[60%] w-[46%] rounded-full"
"src/components/home/scroll-story/scroll-story.tsx","442","32","component","","absolute bottom-[-8%] left-[-8%] h-[52%] w-[38%] rounded-full"
"src/components/home/scroll-story/scroll-story.tsx","444","30","component","","absolute inset-0"
"src/components/home/scroll-story/scroll-story.tsx","545","13","component","","absolute left-1/2 top-[10%] z-20 w-full max-w-2xl -translate-x-1/2 text-center"
"src/components/home/scroll-story/scroll-story.tsx","575","13","component","","absolute bottom-6 left-1/2 z-20 -translate-x-1/2 rounded-full px-4 py-1.5 text-[11px] uppercase tracking-[0.14em]"
"src/components/home/scroll-story/scroll-story.tsx","576","13","component","","bg-white/70 text-slate-500"
"src/components/home/scroll-story/story-static.tsx","38","9","component","","relative mt-10 flex items-center justify-center overflow-hidden"
"src/components/home/use-cases-section.tsx","64","28","component","","flex h-28 items-center justify-center"
"src/components/main/language-selector.tsx","1","1","component","","use client"
"src/components/main/theme-toggle.tsx","1","1","component","","use client"
"src/components/main/user-menu.tsx","1","1","component","","use client"
"src/components/pro/btcpay-button.tsx","1","1","component","","use client"
"src/components/pro/checkout-client.tsx","1","1","component","","use client"
"src/components/pro/checkout-client.tsx","106","9","component","","paypal"
"src/components/pro/checkout-client.tsx","111","15","component","","account"
"src/components/pro/checkout-client.tsx","111","27","component","","billing"
"src/components/pro/checkout-client.tsx","195","21","component","","billing"
"src/components/pro/checkout-client.tsx","195","33","component","","account"
"src/components/pro/checkout-client.tsx","384","23","component","","[CHECKOUT] Initialization failed:"
"src/components/pro/checkout-client.tsx","576","13","component","","billing"
"src/components/pro/checkout-client.tsx","640","49","component","","paypal"
"src/components/pro/checkout-client.tsx","664","39","component","","done"
"src/components/pro/checkout-client.tsx","664","48","component","","active"
"src/components/pro/checkout-client.tsx","665","33","component","","active"
"src/components/pro/checkout-client.tsx","666","50","component","","done"
"src/components/pro/checkout-client.tsx","700","28","component","","account"
"src/components/pro/checkout-client.tsx","715","28","component","","billing"
"src/components/pro/checkout-client.tsx","722","31","component","","billing"
"src/components/pro/checkout-form.tsx","1","1","component","","use client"
"src/components/pro/checkout-form.tsx","104","21","component","","[CHECKOUT] Payment authorized, completing cart:"
"src/components/pro/checkout-recovery.tsx","1","1","component","","use client"
"src/components/pro/checkout-recovery.tsx","12","10","component","","/support?ref="
"src/components/pro/checkout-safety.ts","194","17","component","","[CHECKOUT] Payment cancelled:"
"src/components/pro/checkout-safety.ts","201","17","component","","[CHECKOUT] Payment failure:"
"src/components/pro/checkout-safety.ts","212","24","component","","Checkout payment failure {reference}"
"src/components/pro/checkout/account-step.tsx","1","1","component","","use client"
"src/components/pro/checkout/account-step.tsx","25","13","component","","register"
"src/components/pro/checkout/account-step.tsx","29","42","component","","register"
"src/components/pro/checkout/account-step.tsx","43","18","component","","register"
"src/components/pro/checkout/account-step.tsx","55","20","component","","register"
"src/components/pro/checkout/account-step.tsx","74","22","component","","register"
"src/components/pro/checkout/account-step.tsx","111","44","component","","register"
"src/components/pro/checkout/account-step.tsx","115","19","component","","register"
"src/components/pro/checkout/account-step.tsx","127","34","component","","register"
"src/components/pro/checkout/account-step.tsx","129","31","component","","register"
"src/components/pro/checkout/account-step.tsx","144","22","component","","register"
"src/components/pro/checkout/billing-step.tsx","1","1","component","","use client"
"src/components/pro/checkout/express-checkout.tsx","1","1","component","","use client"
"src/components/pro/checkout/payment-step.tsx","1","1","component","","use client"
"src/components/pro/checkout/payment-step.tsx","15","40","component","","paypal"
"src/components/pro/checkout/payment-step.tsx","62","17","component","","border-primary bg-primary [box-shadow:inset_0_0_0_2.5px_var(--card)]"
"src/components/pro/checkout/payment-step.tsx","186","32","component","","paypal"
"src/components/pro/checkout/payment-step.tsx","188","42","component","","paypal"
"src/components/pro/checkout/payment-step.tsx","191","15","component","","PayPal"
"src/components/pro/checkout/step-shell.tsx","1","1","component","","use client"
"src/components/pro/checkout/step-shell.tsx","6","30","component","","account"
"src/components/pro/checkout/step-shell.tsx","6","42","component","","billing"
"src/components/pro/checkout/step-shell.tsx","27","10","component","","done"
"src/components/pro/checkout/step-shell.tsx","27","19","component","","active"
"src/components/pro/checkout/step-shell.tsx","38","19","component","","active"
"src/components/pro/checkout/step-shell.tsx","44","22","component","","flex h-6 w-6 shrink-0 items-center justify-center rounded-full text-xs font-semibold"
"src/components/pro/checkout/step-shell.tsx","45","23","component","","done"
"src/components/pro/checkout/step-shell.tsx","49","27","component","","active"
"src/components/pro/checkout/step-shell.tsx","54","22","component","","done"
"src/components/pro/checkout/step-shell.tsx","58","49","component","","active"
"src/components/pro/checkout/step-shell.tsx","62","22","component","","done"
"src/components/pro/checkout/step-shell.tsx","66","20","component","","done"
"src/components/pro/checkout/step-shell.tsx","79","18","component","","active"
"src/components/pro/checkout/use-checkout-failure-messages.ts","1","1","component","","use client"
"src/components/pro/complete-cart.ts","41","19","component","","[CHECKOUT] Cart completion failed:"
"src/components/pro/complete-cart.ts","47","33","component","","Failed to complete order"
"src/components/pro/complete-cart.ts","57","19","component","","[CHECKOUT] Cart completion returned no order id:"
"src/components/pro/complete-cart.ts","61","33","component","","Cart completion returned no order id"
"src/components/pro/complete-cart.ts","64","15","component","","[CHECKOUT] Order created successfully:"
"src/components/pro/complete-cart.ts","93","19","component","","[CHECKOUT] PayPal capture failed:"
"src/components/pro/complete-cart.ts","99","21","component","","Failed to capture PayPal order"
"src/components/pro/complete-cart.ts","127","18","component","","Failed to create payment session"
"src/components/pro/complete-cart.ts","141","19","component","","[CHECKOUT] Payment session request failed:"
"src/components/pro/paypal-button.tsx","1","1","component","","use client"
"src/components/pro/paypal-provider.tsx","1","1","component","","use client"
"src/components/pro/paypal-provider.tsx","30","16","component","pageType","checkout"
"src/components/pro/pro-buy-box.tsx","1","1","component","","use client"
"src/components/pro/pro-buy-box.tsx","104","23","component","","border-primary bg-primary [box-shadow:inset_0_0_0_2.5px_var(--card)]"
"src/components/pro/pro-features.tsx","22","10","component","","orders"
"src/components/pro/stripe-provider.tsx","1","1","component","","use client"
"src/components/roadmap/bug-fix-list.tsx","1","1","component","","use client"
"src/components/roadmap/bug-fix-list.tsx","7","38","component","","status"
"src/components/roadmap/roadmap-timeline.tsx","1","1","component","","use client"
"src/components/roadmap/roadmap-timeline.tsx","34","30","component","","shipped"
"src/components/roadmap/roadmap-timeline.tsx","69","8","component","","border border-transparent bg-wcpos-red text-white"
"src/components/roadmap/roadmap-timeline.tsx","70","9","component","","border border-transparent bg-slate-500 text-white"
"src/components/roadmap/roadmap-timeline.tsx","73","12","component","","border border-transparent bg-emerald-700 text-white"
"src/components/roadmap/roadmap-timeline.tsx","81","9","component","","border border-slate-300 text-muted-foreground dark:border-slate-600"
"src/components/roadmap/roadmap-timeline.tsx","82","12","component","","border border-emerald-500/40 text-emerald-600 dark:text-emerald-400"
"src/components/roadmap/roadmap-timeline.tsx","96","56","component","","status"
"src/components/roadmap/roadmap-timeline.tsx","99","18","component","","done"
"src/components/roadmap/roadmap-timeline.tsx","195","15","component","","absolute -left-[39px] top-2 size-4 sm:-left-[47px]"
"src/components/roadmap/roadmap-timeline.tsx","211","20","component","","absolute inset-0 rounded-full border-2 bg-background"
"src/components/roadmap/roadmap-timeline.tsx","215","20","component","","absolute inset-0 rounded-full"
"src/components/roadmap/roadmap-timeline.tsx","247","14","component","","shipped"
"src/components/roadmap/roadmap-timeline.tsx","263","30","component","","shipped"
"src/components/roadmap/roadmap-timeline.tsx","263","42","component","","relative pb-14 opacity-60"
"src/components/roadmap/roadmap-timeline.tsx","263","72","component","","relative pb-14"
"src/components/roadmap/roadmap-timeline.tsx","285","17","component","","shipped"
"src/components/roadmap/roadmap-timeline.tsx","339","14","component","","start 0.78"
"src/components/roadmap/roadmap-timeline.tsx","339","28","component","","end 0.6"
"src/components/roadmap/roadmap-timeline.tsx","403","22","component","","absolute bottom-0 left-0 top-0 w-0.5 rounded"
"src/components/roadmap/roadmap-timeline.tsx","413","24","component","","absolute bottom-0 left-0 top-0 w-0.5 origin-top rounded"
"src/components/roadmap/roadmap-timeline.tsx","418","24","component","","absolute -left-[3px] size-2 rounded-full"
"src/components/roadmap/roadmap-timeline.tsx","421","26","component","","0 0 10px 2px color-mix(in srgb,"
"src/components/roadmap/roadmap-timeline.tsx","421","76","component","","60%, transparent)"
"src/components/roadmap/roadmap-timeline.tsx","506","77","component","tone","shipped"
"src/components/support/discord-section.tsx","1","1","component","","use client"
"src/components/support/discord-widget.tsx","1","1","component","","use client"
"src/components/support/support-chat.tsx","1","1","component","","use client"
"src/components/ui/avatar.tsx","1","1","component","","use client"
"src/components/ui/avatar.tsx","14","7","component","","relative flex h-10 w-10 shrink-0 overflow-hidden rounded-full"
"src/components/ui/avatar.tsx","44","7","component","","flex h-full w-full items-center justify-center rounded-full"
"src/components/ui/avatar.tsx","46","11","component","","bg-wcpos-red/10 font-medium text-wcpos-red-accent"
"src/components/ui/button.tsx","7","3","component","","inline-flex items-center justify-center gap-2 whitespace-nowrap rounded-md text-sm font-medium transition-colors focus-visible:outline-none focus-visible:ring-1 focus-visible:ring-ring disabled:pointer-events-none disabled:opacity-50 [&_svg]:pointer-events-none [&_svg]:size-4 [&_svg]:shrink-0"
"src/components/ui/button.tsx","16","11","component","","border border-input bg-background shadow-xs hover:bg-accent hover:text-accent-foreground"
"src/components/ui/button.tsx","19","16","component","","hover:bg-accent hover:text-accent-foreground"
"src/components/ui/card.tsx","20","9","component","","border bg-card text-card-foreground"
"src/components/ui/card.tsx","29","20","component","","Card"
"src/components/ui/card.tsx","37","19","component","","flex flex-col space-y-1.5 p-6"
"src/components/ui/card.tsx","81","19","component","","flex items-center p-6 pt-0"
"src/components/ui/collapsible.tsx","39","11","component","","flex cursor-pointer list-none items-center justify-between gap-2 [&::-webkit-details-marker]:hidden"
"src/components/ui/dialog.tsx","1","1","component","","use client"
"src/components/ui/dialog.tsx","24","7","component","","fixed inset-0 z-50 bg-overlay/80 data-[state=open]:animate-in data-[state=closed]:animate-out data-[state=closed]:fade-out-0 data-[state=open]:fade-in-0"
"src/components/ui/dialog.tsx","41","9","component","","fixed left-[50%] top-[50%] z-50 grid w-full max-w-lg translate-x-[-50%] translate-y-[-50%] gap-4 border bg-background p-6 shadow-lg duration-200 data-[state=open]:animate-in data-[state=closed]:animate-out data-[state=closed]:fade-out-0 data-[state=open]:fade-in-0 data-[state=closed]:zoom-out-95 data-[state=open]:zoom-in-95 data-[state=closed]:slide-out-to-left-1/2 data-[state=closed]:slide-out-to-top-[48%] data-[state=open]:slide-in-from-left-1/2 data-[state=open]:slide-in-from-top-[48%] sm:rounded-lg"
"src/components/ui/dialog.tsx","62","7","component","","flex flex-col space-y-1.5 text-center sm:text-left"
"src/components/ui/dialog.tsx","76","7","component","","flex flex-col-reverse sm:flex-row sm:justify-end sm:space-x-2"
"src/components/ui/dropdown-menu.tsx","1","1","component","","use client"
"src/components/ui/dropdown-menu.tsx","24","7","component","","flex cursor-default select-none items-center gap-2 rounded-sm px-2 py-1.5 text-sm outline-none focus:bg-accent data-[state=open]:bg-accent [&_svg]:pointer-events-none [&_svg]:size-4 [&_svg]:shrink-0"
"src/components/ui/dropdown-menu.tsx","44","7","component","","z-50 min-w-[8rem] overflow-hidden rounded-md border bg-popover p-1 text-popover-foreground shadow-lg data-[state=open]:animate-in data-[state=closed]:animate-out data-[state=closed]:fade-out-0 data-[state=open]:fade-in-0 data-[state=closed]:zoom-out-95 data-[state=open]:zoom-in-95 data-[side=bottom]:slide-in-from-top-2 data-[side=left]:slide-in-from-right-2 data-[side=right]:slide-in-from-left-2 data-[side=top]:slide-in-from-bottom-2"
"src/components/ui/dropdown-menu.tsx","63","9","component","","data-[state=open]:animate-in data-[state=closed]:animate-out data-[state=closed]:fade-out-0 data-[state=open]:fade-in-0 data-[state=closed]:zoom-out-95 data-[state=open]:zoom-in-95 data-[side=bottom]:slide-in-from-top-2 data-[side=left]:slide-in-from-right-2 data-[side=right]:slide-in-from-left-2 data-[side=top]:slide-in-from-bottom-2"
"src/components/ui/dropdown-menu.tsx","81","7","component","","relative flex cursor-default select-none items-center gap-2 rounded-sm px-2 py-1.5 text-sm outline-none transition-colors focus:bg-accent focus:text-accent-foreground data-[disabled]:pointer-events-none data-[disabled]:opacity-50 [&>svg]:size-4 [&>svg]:shrink-0"
"src/components/ui/dropdown-menu.tsx","97","7","component","","relative flex cursor-default select-none items-center rounded-sm py-1.5 pl-8 pr-2 text-sm outline-none transition-colors focus:bg-accent focus:text-accent-foreground data-[disabled]:pointer-events-none data-[disabled]:opacity-50"
"src/components/ui/dropdown-menu.tsx","121","7","component","","relative flex cursor-default select-none items-center rounded-sm py-1.5 pl-8 pr-2 text-sm outline-none transition-colors focus:bg-accent focus:text-accent-foreground data-[disabled]:pointer-events-none data-[disabled]:opacity-50"
"src/components/ui/dropdown-menu.tsx","160","19","component","","-mx-1 my-1 h-px bg-muted"
"src/components/ui/empty-state.tsx","32","21","component","","flex flex-col items-center py-12 text-center"
"src/components/ui/icon-tile.tsx","19","13","component","","h-8 w-8 [&_svg]:size-4"
"src/components/ui/icon-tile.tsx","20","13","component","","h-9 w-9 [&_svg]:size-[18px]"
"src/components/ui/icon-tile.tsx","21","13","component","","h-12 w-12 [&_svg]:size-6"
"src/components/ui/icon-tile.tsx","29","16","component","","bg-wcpos-red/10 text-wcpos-red-accent"
"src/components/ui/input.tsx","10","11","component","","flex h-9 w-full rounded-md border border-input bg-transparent px-3 py-1 text-base shadow-xs transition-colors file:border-0 file:bg-transparent file:text-sm file:font-medium file:text-foreground placeholder:text-muted-foreground focus-visible:border-ring focus-visible:outline-none focus-visible:ring-1 focus-visible:ring-ring disabled:cursor-not-allowed disabled:opacity-50 md:text-sm"
"src/components/ui/label.tsx","1","1","component","","use client"
"src/components/ui/markdown.tsx","19","9","component","","[&_h1]:text-sm [&_h1]:font-semibold [&_h1]:text-foreground"
"src/components/ui/markdown.tsx","20","9","component","","[&_h2]:text-sm [&_h2]:font-semibold [&_h2]:text-foreground"
"src/components/ui/markdown.tsx","21","9","component","","[&_h3]:text-sm [&_h3]:font-semibold [&_h3]:text-foreground"
"src/components/ui/markdown.tsx","22","9","component","","[&_p]:leading-relaxed"
"src/components/ui/markdown.tsx","23","9","component","","[&_ul]:ml-4 [&_ul]:list-disc"
"src/components/ui/markdown.tsx","24","9","component","","[&_ol]:ml-4 [&_ol]:list-decimal"
"src/components/ui/markdown.tsx","25","9","component","","[&_code]:rounded [&_code]:bg-muted [&_code]:px-1 [&_code]:py-0.5"
"src/components/ui/markdown.tsx","26","9","component","","[&_pre]:overflow-x-auto [&_pre]:rounded [&_pre]:bg-muted [&_pre]:p-2"
"src/components/ui/markdown.tsx","27","9","component","","[&_a]:underline [&_a]:underline-offset-2"
"src/components/ui/page-header.tsx","27","9","component","","flex flex-wrap items-start justify-between gap-4"
"src/components/ui/row.tsx","34","7","component","","flex flex-wrap items-center justify-between gap-3 py-4"
"src/components/ui/row.tsx","55","9","component","","flex flex-wrap items-center justify-between gap-3 py-3 text-sm"
"src/components/ui/row.tsx","96","21","component","","flex items-center gap-3 py-3"
"src/components/ui/select.tsx","18","9","component","","flex h-9 w-full appearance-none rounded-md border border-input bg-transparent px-3 py-1 pr-8 text-sm shadow-xs transition-colors focus-visible:border-ring focus-visible:outline-none focus-visible:ring-1 focus-visible:ring-ring disabled:cursor-not-allowed disabled:opacity-50"
"src/components/ui/separator.tsx","1","1","component","","use client"
"src/components/ui/separator.tsx","21","40","component","","h-[1px] w-full"
"src/components/ui/sheet.tsx","1","1","component","","use client"
"src/components/ui/sheet.tsx","24","7","component","","fixed inset-0 z-50 bg-overlay/80 data-[state=open]:animate-in data-[state=closed]:animate-out data-[state=closed]:fade-out-0 data-[state=open]:fade-in-0"
"src/components/ui/sheet.tsx","34","3","component","","fixed z-50 gap-4 bg-background p-6 shadow-lg transition ease-in-out data-[state=open]:animate-in data-[state=closed]:animate-out data-[state=closed]:duration-300 data-[state=open]:duration-500"
"src/components/ui/sheet.tsx","38","14","component","","inset-x-0 top-0 border-b data-[state=closed]:slide-out-to-top data-[state=open]:slide-in-from-top"
"src/components/ui/sheet.tsx","40","11","component","","inset-x-0 bottom-0 border-t data-[state=closed]:slide-out-to-bottom data-[state=open]:slide-in-from-bottom"
"src/components/ui/sheet.tsx","41","15","component","","inset-y-0 left-0 h-full w-3/4 border-r data-[state=closed]:slide-out-to-left data-[state=open]:slide-in-from-left sm:max-w-sm"
"src/components/ui/sheet.tsx","43","11","component","","inset-y-0 right-0 h-full w-3/4 border-l data-[state=closed]:slide-out-to-right data-[state=open]:slide-in-from-right sm:max-w-sm"
"src/components/ui/sheet.tsx","83","7","component","","flex flex-col space-y-2 text-center sm:text-left"
"src/components/ui/sheet.tsx","97","7","component","","flex flex-col-reverse sm:flex-row sm:justify-end sm:space-x-2"
"src/components/ui/table.tsx","22","34","component","","[&_tr]:border-b"
"src/components/ui/table.tsx","32","19","component","","[&_tr:last-child]:border-0"
"src/components/ui/table.tsx","45","7","component","","border-t bg-muted/50 font-medium [&>tr]:last:border-b-0"
"src/components/ui/table.tsx","60","7","component","","border-b transition-colors hover:bg-muted/50 data-[state=selected]:bg-muted"
"src/components/ui/table.tsx","75","7","component","","h-10 px-2 text-left align-middle font-medium text-muted-foreground [&:has([role=checkbox])]:pr-0 [&>[role=checkbox]]:translate-y-[2px]"
"src/components/ui/table.tsx","90","7","component","","p-2 align-middle [&:has([role=checkbox])]:pr-0 [&>[role=checkbox]]:translate-y-[2px]"
"src/components/ui/tabs.tsx","1","1","component","","use client"
"src/components/ui/tabs.tsx","31","7","component","","inline-flex items-center justify-center whitespace-nowrap rounded-md px-3 py-1 text-sm font-medium ring-offset-background transition-all focus-visible:outline-none focus-visible:ring-2 focus-visible:ring-ring focus-visible:ring-offset-2 disabled:pointer-events-none disabled:opacity-50 data-[state=active]:bg-background data-[state=active]:text-foreground data-[state=active]:shadow-xs"
"src/components/ui/text-link.tsx","41","42","component","","noopener noreferrer"
"src/lib/analytics/consent.ts","100","58","code/string","","; Secure"
"src/lib/analytics/consent.ts","102","58","code/string","","; Path="
"src/lib/analytics/consent.ts","102","80","code/string","","; Max-Age="
"src/lib/analytics/consent.ts","102","107","code/string","","; SameSite=Lax"
"src/lib/analytics/consent.ts","105","54","code/string","","=; Path=/; Max-Age=0; SameSite=Lax"
"src/lib/analytics/posthog-browser.ts","1","1","code/string","","use client"
"src/lib/api/errors.ts","46","25","code/string","","An account with this email already exists"
"src/lib/api/errors.ts","61","25","error/status","","Invalid email or password"
"src/lib/api/errors.ts","77","15","error/status","","This password reset link is invalid or has expired. Please request a new one."
"src/lib/api/to-error-response.ts","26","14","error/status","","Internal server error"
"src/lib/auth-providers/metadata.ts","12","30","code/string","","google"
"src/lib/auth-providers/metadata.ts","12","41","code/string","","github"
"src/lib/auth-providers/metadata.ts","12","52","code/string","","discord"
"src/lib/auth-providers/metadata.ts","15","44","code/string","","google"
"src/lib/auth-providers/metadata.ts","15","54","code/string","","github"
"src/lib/auth-providers/metadata.ts","15","64","code/string","","discord"
"src/lib/auth-providers/metadata.ts","19","30","code/string","","google"
"src/lib/auth-providers/metadata.ts","19","41","code/string","","github"
"src/lib/auth-providers/metadata.ts","28","20","code/string","","google"
"src/lib/auth-providers/metadata.ts","28","42","code/string","","github"
"src/lib/auth-providers/metadata.ts","32","29","code/string","","google"
"src/lib/auth-providers/metadata.ts","33","29","code/string","","github"
"src/lib/auth-providers/metadata.ts","34","22","code/string","","discord"
"src/lib/auth-providers/metadata.ts","35","19","code/string","","discord"
"src/lib/billing-countries.ts","14","5","code/string","","vat"
"src/lib/billing-countries.ts","15","5","code/string","","abn"
"src/lib/billing-countries.ts","24","7","code/string","","abn"
"src/lib/billing-countries.ts","26","7","code/string","","vat"
"src/lib/billing-countries.ts","28","7","code/string","","vat"
"src/lib/billing-countries.ts","29","7","code/string","","vat"
"src/lib/billing-countries.ts","32","7","code/string","","vat"
"src/lib/billing-countries.ts","39","13","code/string","","EIN / Tax ID"
"src/lib/billing-countries.ts","40","8","code/string","","GST number"
"src/lib/billing-countries.ts","41","11","code/string","","GST/HST number"
"src/lib/billing-countries.ts","42","11","code/string","","NIF / VAT number"
"src/lib/billing-countries.ts","43","15","code/string","","Partita IVA"
"src/lib/billing-countries.ts","44","20","code/string","","Tax registration number"
"src/lib/billing-countries.ts","45","8","code/string","","VAT number"
"src/lib/billing-countries.ts","46","17","code/string","","Tax ID / VAT number"
"src/lib/checkout-failure-taxonomy.ts","19","54","error/status","","error"
"src/lib/checkout-failure-taxonomy.ts","33","20","error/status","","error"
"src/lib/checkout-failure-taxonomy.ts","85","52","error/status","","error"
"src/lib/checkout-payments.ts","20","14","code/string","","paypal"
"src/lib/client-logger.ts","1","1","code/string","","use client"
"src/lib/client-logger.ts","79","48","error/status","","error"
"src/lib/client-logger.ts","99","29","error/status","","error"
"src/lib/client-logger.ts","101","20","error/status","","Uncaught error"
"src/lib/client-logger.ts","109","20","code/string","","Unhandled promise rejection"
"src/lib/client-logger.ts","113","19","error/status","","Failed to initialize client logging:"
"src/lib/customer-avatar.ts","35","49","code/string","","?d=mp"
"src/lib/customer-licenses.ts","83","23","code/string","","Machine list unavailable for license"
"src/lib/customer-licenses.ts","83","70","code/string","","; showing count only:"
"src/lib/customer-licenses.ts","112","26","error/status","","Failed to validate license key:"
"src/lib/customer-licenses.ts","128","50","error/status","","not found in Keygen"
"src/lib/customer-licenses.ts","130","28","error/status","","Failed to fetch license"
"src/lib/customer-orders.ts","82","37","code/string","","/store/orders?"
"src/lib/customer-orders.ts","93","22","error/status","","Failed to get orders:"
"src/lib/customer-orders.ts","110","22","error/status","","Failed to fetch impersonated orders:"
"src/lib/customer-orders.ts","123","22","error/status","","Failed to fetch impersonated order"
"src/lib/customer-orders.ts","189","21","code/string","","getAllOrders fetched"
"src/lib/customer-orders.ts","189","70","code/string","","orders (cap"
"src/lib/customer-orders.ts","191","5","code/string","","); some orders were not fetched"
"src/lib/customer-profile-metadata.ts","18","3","code/string","","city"
"src/lib/customer-profile-metadata.ts","28","3","code/string","","city"
"src/lib/discord/client.ts","65","23","error/status","","Discord OAuth token exchange failed:"
"src/lib/discord/client.ts","78","23","error/status","","Discord user lookup failed:"
"src/lib/discord/client.ts","102","23","error/status","","Discord member lookup failed:"
"src/lib/discord/client.ts","117","23","error/status","","Discord role add failed:"
"src/lib/discord/client.ts","129","23","error/status","","Discord role removal failed:"
"src/lib/discord/client.ts","144","25","error/status","","Discord member list failed:"
"src/lib/discord/config.ts","26","21","code/string","","Discord role sync is not configured:"
"src/lib/discord/connected-member-service.ts","99","63","code/string","","Discord user"
"src/lib/discord/medusa-admin.ts","24","3","code/string","","id,display_id,created_at,updated_at,email,currency_code,total,subtotal,tax_total,status,payment_status,fulfillment_status,metadata,*items"
"src/lib/discord/medusa-admin.ts","28","21","code/string","","MEDUSA_ADMIN_API_TOKEN is required for Discord reconciliation"
"src/lib/discord/medusa-admin.ts","55","21","error/status","","Medusa Admin API error"
"src/lib/discord/medusa-admin.ts","71","15","code/string","","id,email,first_name,last_name,metadata,created_at,updated_at"
"src/lib/discord/medusa-admin.ts","75","7","code/string","","/admin/customers?"
"src/lib/discord/medusa-admin.ts","102","7","code/string","","/admin/orders?"
"src/lib/discord/medusa-admin.ts","126","7","code/string","","/admin/orders?"
"src/lib/discord/medusa-admin.ts","131","22","error/status","","Failed to fetch admin order"
"src/lib/discord/medusa-admin.ts","131","60","code/string","","for customer"
"src/lib/discord/medusa-admin.ts","150","13","code/string","","id,email,first_name,last_name,phone,has_account,metadata,created_at,updated_at"
"src/lib/discord/medusa-admin.ts","154","7","code/string","","/admin/customers?"
"src/lib/discord/medusa-admin.ts","159","22","error/status","","Failed to find admin customer by email:"
"src/lib/discord/medusa-admin.ts","171","13","code/string","","id,email,first_name,last_name,phone,has_account,metadata,created_at,updated_at"
"src/lib/discord/medusa-admin.ts","179","22","error/status","","Failed to fetch admin customer"
"src/lib/impersonation.ts","27","11","code/string","","This action is disabled during read-only inspection."
"src/lib/impersonation.ts","74","49","code/string","","Not authorized to impersonate"
"src/lib/license-status-presentation.ts","15","23","code/string","","active"
"src/lib/license-status-presentation.ts","16","24","code/string","","expired"
"src/lib/license-status-presentation.ts","17","26","code/string","","suspended"
"src/lib/license-status.ts","14","5","code/string","","active"
"src/lib/license-status.ts","15","5","code/string","","expired"
"src/lib/license-status.ts","16","5","code/string","","suspended"
"src/lib/license-status.ts","22","11","code/string","","active"
"src/lib/license-status.ts","23","13","code/string","","active"
"src/lib/license-status.ts","24","13","code/string","","active"
"src/lib/license-status.ts","25","12","code/string","","expired"
"src/lib/license-status.ts","26","14","code/string","","suspended"
"src/lib/license.ts","33","26","code/string","","active"
"src/lib/license.ts","36","14","code/string","","expired"
"src/lib/license.ts","47","26","code/string","","active"
"src/lib/license.ts","77","26","code/string","","active"
"src/lib/license.ts","112","28","code/string","","active"
"src/lib/license.ts","112","59","code/string","","expired"
"src/lib/license.ts","151","51","code/string","","active"
"src/lib/license.ts","170","53","code/string","","active"
"src/lib/license.ts","203","37","code/string","","active"
"src/lib/license.ts","211","57","code/string","","suspended"
"src/lib/logger.ts","21","62","code/string","","download"
"src/lib/login-redirect.ts","25","5","code/string","","/api/auth/logout?to="
"src/lib/medusa-auth.ts","135","54","error/status","","Login failed"
"src/lib/medusa-auth.ts","170","40","error/status","","Failed to request password reset"
"src/lib/medusa-auth.ts","205","54","error/status","","Failed to reset password"
"src/lib/medusa-auth.ts","249","58","error/status","","Registration failed"
"src/lib/medusa-auth.ts","284","7","error/status","","Failed to create customer"
"src/lib/medusa-auth.ts","305","7","error/status","","Your account was created, but signing you in failed. Please sign in to continue."
"src/lib/medusa-auth.ts","356","21","error/status","","Failed to get customer:"
"src/lib/medusa-auth.ts","400","54","error/status","","Failed to update customer"
"src/lib/oauth-providers.ts","5","54","code/string","","google"
"src/lib/oauth-providers.ts","5","64","code/string","","github"
"src/lib/oauth-providers.ts","5","74","code/string","","discord"
"src/lib/oauth.ts","72","61","code/string","","/callback?"
"src/lib/oauth.ts","76","54","error/status","","OAuth callback failed"
"src/lib/oauth.ts","103","54","error/status","","Account linking failed"
"src/lib/oauth.ts","125","54","error/status","","Token refresh failed"
"src/lib/oauth.ts","155","54","error/status","","Failed to initiate OAuth"
"src/lib/openclaw/client.ts","35","29","code/string","","support assistant not configured"
"src/lib/openclaw/client.ts","59","7","code/string","","support assistant unreachable"
"src/lib/openclaw/client.ts","75","30","error/status","","support assistant error"
"src/lib/order-status.ts","5","23","code/string","","Partially refunded"
"src/lib/order-status.ts","8","20","code/string","","Action required"
"src/lib/password-policy.ts","6","43","code/string","","Password must be at least"
"src/lib/pro-offer-catalog.ts","27","25","code/string","","Yearly License"
"src/lib/pro-offer-catalog.ts","28","27","code/string","","Lifetime License"
"src/lib/pro-offer-catalog.ts","76","5","code/string","","WCPOS Pro Yearly"
"src/lib/pro-offer-catalog.ts","82","5","code/string","","WCPOS Pro Lifetime"
"src/lib/pro-offer-catalog.ts","89","3","code/string","","Payment terminal integration"
"src/lib/pro-offer-catalog.ts","90","3","code/string","","Stock & price editing in POS"
"src/lib/pro-offer-catalog.ts","91","3","code/string","","Order history & management"
"src/lib/pro-offer-catalog.ts","92","3","code/string","","Customer management"
"src/lib/pro-offer-catalog.ts","93","3","code/string","","End-of-day reports"
"src/lib/pro-offer-catalog.ts","94","3","code/string","","Custom payment gateways"
"src/lib/pro-offer-catalog.ts","95","3","code/string","","Priority support"
"src/lib/pro-offer-catalog.ts","200","23","code/string","","/pro/checkout?"
"src/lib/pro-offer-catalog.ts","227","20","error/status","","Pro offer catalog missing plans from Medusa, serving committed fallback prices:"
"src/lib/pro-offer-catalog.ts","327","33","code/string","","/year or"
"src/lib/pro-offer-catalog.ts","327","67","code/string","","lifetime. No per-register fees."
"src/lib/pro-offer-catalog.ts","335","33","code/string","","/yr or"
"src/lib/sinks/discord-sink.ts","16","16","code/string","","WCPOS Logger"
"src/lib/sinks/discord-sink.ts","29","26","error/status","","error"
"src/lib/sinks/email-sink.ts","59","21","generated-document","","[FATAL] wcpos-com:"
"src/lib/sinks/email-sink.ts","60","18","generated-document","","<div style=""font-family: system-ui, -apple-system, sans-serif; max-width: 600px; color: #111;""> <h2 style=""margin: 0 0 8px; color: #b91c1c;"">"
"src/lib/sinks/email-sink.ts","61","76","generated-document","","</h2> <p style=""white-space: pre-wrap; font-size: 15px;"">"
"src/lib/sinks/email-sink.ts","65","15","generated-document","","<pre style=""background: #f9fafb; border: 1px solid #e5e7eb; border-radius: 6px; padding: 12px; font-size: 13px; white-space: pre-wrap; word-break: break-word; color: #374151;"">"
"src/lib/sinks/email-sink.ts","67","9","generated-document","","<p style=""color: #9ca3af; font-size: 12px;"">"
"src/lib/sinks/email-sink.ts","68","95","generated-document","","· wcpos-com</p> </div>"
"src/lib/sinks/sentry-sink.ts","19","26","error/status","","error"
"src/lib/sinks/sentry-sink.ts","47","19","error/status","","error"
"src/lib/sinks/sentry-sink.ts","55","53","error/status","","error"
"src/lib/sinks/sentry-sink.ts","63","53","error/status","","error"
"src/lib/sinks/stringify-log-part.ts","19","11","code/string","","Caused by:"
"src/lib/sinks/stringify-log-part.ts","23","20","code/string","","Caused by:"
"src/lib/support/rate-limit.ts","11","64","code/string","","10 m"
"src/lib/support/rate-limit.ts","20","18","code/string","","support/rate-limit fail-open"
"src/lib/support/rate-limit.ts","36","18","code/string","","support/rate-limit fail-open"
"src/lib/use-prefers-reduced-motion.ts","1","1","code/string","","use client"
"src/lib/use-prefers-reduced-motion.ts","17","37","code/string","","(prefers-reduced-motion: reduce)"
"src/lib/use-prefers-reduced-motion.ts","23","25","code/string","","(prefers-reduced-motion: reduce)"
"src/services/core/analytics/posthog-service.ts","62","57","code/string","","/flags?v=2"
"src/services/core/business/electron-service.ts","34","34","code/string","","Electron service not yet implemented"
"src/services/core/business/electron-service.ts","41","34","code/string","","Electron service not yet implemented"
"src/services/core/business/release-delivery.ts","26","13","code/string","","account"
"src/services/core/external/github-asset.ts","38","21","code/string","","GitHub token unavailable for release asset fetch. asset="
"src/services/core/external/github-asset.ts","70","25","error/status","","Release asset attempt failed ("
"src/services/core/external/github-asset.ts","70","70","code/string","","). status="
"src/services/core/external/github-asset.ts","80","23","error/status","","Release asset attempt error ("
"src/services/core/external/github-asset.ts","80","67","code/string","","). asset="
"src/services/core/external/github-asset.ts","80","96","error/status","","error="
"src/services/core/external/github-auth.ts","28","21","code/string","","GitHub App credentials not configured, using unauthenticated Octokit"
"src/services/core/external/github-auth.ts","49","22","error/status","","Failed to get GitHub installation token:"
"src/services/core/external/github-client.ts","24","3","code/string","","use cache"
"src/services/core/external/github-client.ts","36","3","code/string","","use cache"
"src/services/core/external/github-client.ts","55","22","error/status","","Failed to fetch latest release for"
"src/services/core/external/github-client.ts","79","22","error/status","","Failed to fetch release"
"src/services/core/external/github-client.ts","93","22","error/status","","Failed to fetch releases for"
"src/services/core/external/github-roadmap.ts","11","90","code/string","","roadmap"
"src/services/core/external/github-roadmap.ts","19","14","code/string","","planned"
"src/services/core/external/github-roadmap.ts","21","11","code/string","","done"
"src/services/core/external/github-roadmap.ts","27","29","code/string","","query($org: String!, $number: Int!, $cursor: String) { organization(login: $org) { projectV2(number: $number) { items(first: 100, after: $cursor) { pageInfo { hasNextPage endCursor } nodes { fieldValueByName(name: ""Status"") { ... on ProjectV2ItemFieldSingleSelectValue { name } } content { __typename ... on Issue { id title bodyText state number url labels(first: 10) { nodes { name } } milestone { title description dueOn state } repository { name } parent { id } subIssuesSummary { total completed } } } } } } } }"
"src/services/core/external/github-roadmap.ts","167","75","code/string","","done"
"src/services/core/external/github-roadmap.ts","198","21","code/string","","GITHUB_PROJECT_NUMBER not set, roadmap will be empty"
"src/services/core/external/github-roadmap.ts","226","22","error/status","","Failed to fetch roadmap data:"
"src/services/core/external/keygen-base-url.ts","13","21","code/string","","KEYGEN_HOST must be a hostname only"
"src/services/core/external/keygen-base-url.ts","25","21","code/string","","KEYGEN_HOST must be a hostname only"
"src/services/core/external/keygen-base-url.ts","33","21","code/string","","KEYGEN_HOST must not include a port in production"
"src/services/core/external/keygen-base-url.ts","37","21","code/string","","KEYGEN_HOST must be a trusted Keygen host"
"src/services/core/external/license-client.ts","50","7","code/string","","KEYGEN_API_TOKEN is not configured; authenticated Keygen operations (machine management) are unavailable."
"src/services/core/external/license-client.ts","57","19","code/string","","application/vnd.api+json"
"src/services/core/external/license-client.ts","58","11","code/string","","application/vnd.api+json"
"src/services/core/external/license-client.ts","207","7","error/status","","Keygen getLicense failed ("
"src/services/core/external/license-client.ts","237","7","error/status","","Keygen getLicenseMachines failed ("
"src/services/core/external/license-client.ts","275","24","error/status","","activateMachine failed ("
"src/services/core/external/license-client.ts","330","15","code/string","","licenses"
"src/services/core/external/license-client.ts","338","21","error/status","","Keygen updateLicenseMetadata failed ("
"src/services/core/external/license-client.ts","360","14","error/status","","License key not found"
"src/services/core/external/license-client.ts","368","14","error/status","","Validation failed"
"src/services/core/external/license-client.ts","386","25","code/string","","Machine list unavailable for"
"src/services/core/external/license-client.ts","386","67","code/string","","; per-instance activation state may be incomplete:"
"src/services/core/external/license-client.ts","392","13","code/string","","active"
"src/services/core/external/license-client.ts","396","18","code/string","","WCPOS Pro"
"src/services/core/external/license-client.ts","409","15","code/string","","expired"
"src/services/core/external/license-client.ts","413","20","code/string","","WCPOS Pro"
"src/services/core/external/license-client.ts","418","20","code/string","","WCPOS Pro"
"src/services/core/external/license-client.ts","423","20","code/string","","WCPOS Pro"
"src/services/core/external/license-client.ts","428","20","code/string","","WCPOS Pro"
"src/services/core/external/medusa-client.ts","72","22","error/status","","Medusa API error"
"src/services/core/external/medusa-client.ts","73","21","error/status","","Medusa API error:"
"src/services/core/external/medusa-client.ts","97","7","code/string","","/store/products?fields=*variants.prices"
"src/services/core/external/medusa-client.ts","103","22","error/status","","Failed to fetch products:"
"src/services/core/external/medusa-client.ts","114","7","code/string","","/store/products?fields=*variants.prices"
"src/services/core/external/medusa-client.ts","118","22","error/status","","Failed to fetch WCPOS Pro products:"
"src/services/core/external/medusa-client.ts","131","7","code/string","","/store/products?handle="
"src/services/core/external/medusa-client.ts","131","39","code/string","","&fields=*variants.prices"
"src/services/core/external/medusa-client.ts","136","22","error/status","","Failed to fetch product"
"src/services/core/external/medusa-client.ts","149","28","code/string","","?fields=*variants.prices"
"src/services/core/external/medusa-client.ts","154","22","error/status","","Failed to fetch product"
"src/services/core/external/medusa-client.ts","167","22","error/status","","Failed to fetch regions:"
"src/services/core/external/medusa-client.ts","195","7","code/string","","/store/regions?fields=id,name,*payment_providers"
"src/services/core/external/medusa-client.ts","223","23","code/string","","No enabled payment providers reported by /store/regions; skipping method filtering"
"src/services/core/external/medusa-client.ts","229","22","error/status","","Failed to fetch region payment providers:"
"src/services/core/external/medusa-client.ts","279","22","error/status","","Failed to create cart:"
"src/services/core/external/medusa-client.ts","292","22","error/status","","Failed to get cart"
"src/services/core/external/medusa-client.ts","314","22","error/status","","Failed to add line item:"
"src/services/core/external/medusa-client.ts","333","22","error/status","","Failed to update cart:"
"src/services/core/external/medusa-client.ts","384","22","error/status","","Failed to create payment collection:"
"src/services/core/external/medusa-client.ts","432","22","error/status","","Failed to create payment session:"
"src/services/core/external/medusa-client.ts","459","22","error/status","","Failed to create customer session:"
"src/services/core/external/medusa-client.ts","484","22","error/status","","Failed to capture PayPal order:"
"src/services/core/external/medusa-client.ts","502","22","error/status","","Failed to complete cart:"
"src/services/core/external/versions-client.ts","23","9","code/string","","WordPress Plugin (Free)"
"src/services/core/external/versions-client.ts","24","8","code/string","","WordPress Plugin (Pro)"
"src/services/core/external/versions-client.ts","25","12","code/string","","Desktop App"
"src/services/core/external/versions-client.ts","26","9","code/string","","POS App (React Native Core)"
"src/services/core/external/versions-client.ts","27","8","code/string","","iOS App"
"src/services/core/external/versions-client.ts","28","12","code/string","","Android App"
"src/services/core/external/versions-client.ts","42","3","code/string","","use cache"
"src/services/core/external/versions-client.ts","51","23","code/string","","Versions feed responded"
"src/services/core/external/versions-client.ts","65","3","code/string","","use cache"
"src/services/core/external/versions-client.ts","71","22","error/status","","Failed to fetch product versions:"
